{"epoch": 0, "train_loss": 1.1992448090022663, "valid_loss": 0.13011101353913546}